{
    "train_loss": [
        0.07798793348774663,
        0.0184479970239495,
        0.020115353915522067,
        0.003283127522054858,
        0.023161033269661763,
        0.00022563315611690907,
        8.996156954033631e-05,
        7.816789697683672e-05,
        6.99499835999209e-05,
        5.866722473498045e-05
    ],
    "train_acc": [
        0.97632189424846,
        0.9955203583713302,
        0.9950403967682585,
        0.9990400767938564,
        0.994160467162627,
        0.9999999999999999,
        0.9999999999999999,
        0.9999999999999999,
        0.9999999999999999,
        0.9999999999999999
    ],
    "val_loss": [
        0.11823888814072996,
        0.006676295881909205,
        0.0040203505168939615,
        0.061449477896539165,
        0.019568506063447653,
        0.02186581866920389,
        0.026460620813906748,
        0.028498419501224337,
        0.03155294453358345,
        0.02095609828196106
    ],
    "val_acc": [
        0.9695934959349594,
        0.9988617886178862,
        0.9982113821138211,
        0.9917073170731707,
        0.9954471544715447,
        0.9959349593495935,
        0.995609756097561,
        0.994959349593496,
        0.9944715447154472,
        0.9965853658536585
    ]
}