{
    "train_loss": [
        0.4643888656047285,
        0.1354990925989421,
        0.09985634872361895,
        0.06069038129503198,
        0.056618902442784474,
        0.045179625701329995,
        0.04343775121627588,
        0.023624378498121393,
        0.014291977631048848,
        0.014861094133196681,
        0.009890613993692393,
        0.012681700469539047,
        0.011819998944794635,
        0.009616260283390488,
        0.008770116244322593,
        0.007846404444957482,
        0.006050261175560182,
        0.0074971777369977404,
        0.00859422991602009,
        0.007598562833264182,
        0.00587727765540463,
        0.00659973981079367,
        0.007709638601752771,
        0.007220565651853879,
        0.006225460069749464,
        0.0076171367725855225
    ],
    "train_acc": [
        0.8268938484921206,
        0.9547236221102311,
        0.9669626429885608,
        0.9808815294776417,
        0.9825613950883929,
        0.9856011519078474,
        0.9865610751139908,
        0.9924006079513639,
        0.996000319974402,
        0.996000319974402,
        0.9972002239820814,
        0.9961603071754259,
        0.9963202943764499,
        0.9971202303815694,
        0.9976001919846411,
        0.9977601791856651,
        0.9981601471882249,
        0.9976801855851531,
        0.9976001919846411,
        0.9972802175825933,
        0.9980001599872009,
        0.9980001599872009,
        0.9976001919846411,
        0.9977601791856651,
        0.9982401407887368,
        0.997920166386689
    ],
    "val_loss": [
        0.12836684372619636,
        0.06363105244627845,
        0.12426477880748328,
        0.07022374150146919,
        0.07495432761257681,
        0.06387678141746893,
        0.0673310134466234,
        0.057735924643375736,
        0.062463045977722474,
        0.05729913219100215,
        0.056041610308705234,
        0.05757494797421001,
        0.05502620642293608,
        0.04659769712292946,
        0.052532168164393885,
        0.050068211458619505,
        0.048184559069883316,
        0.045082508196025835,
        0.04286038496040916,
        0.04305388062514801,
        0.04712529452514127,
        0.043048558362271484,
        0.045560177254753836,
        0.044037502302257704,
        0.04384523485962939,
        0.04619793108982515
    ],
    "val_acc": [
        0.9478048780487804,
        0.979349593495935,
        0.9461788617886179,
        0.9773983739837399,
        0.9656910569105691,
        0.974308943089431,
        0.9795121951219512,
        0.9826016260162601,
        0.9834146341463414,
        0.9858536585365854,
        0.9856910569105691,
        0.983739837398374,
        0.9848780487804878,
        0.9884552845528455,
        0.9878048780487805,
        0.9868292682926829,
        0.9876422764227643,
        0.9882926829268293,
        0.9886178861788618,
        0.9886178861788618,
        0.9878048780487805,
        0.989430894308943,
        0.988780487804878,
        0.988780487804878,
        0.988780487804878,
        0.988130081300813
    ]
}